Workbook
Name KDV_Orani: Parametreler!$B$2

Sheet İçindekiler
A1: İçindekiler
A3: Satışlar
A4: Özet
A5: Parametreler

Sheet Satışlar
A1: Tarih | B1: Bölge | C1: Temsilci | D1: Ürün | E1: Adet | F1: Birim Fiyat | G1: Tutar | H1: KDV'li Tutar
A2: 45659 | B2: Marmara | C2: Ayşe Yılmaz | D2: Klavye | E2: 16 | F2: 900 | G2: =E2*F2 -> 14400 | H2: =G2*(1+KDV_Orani) -> 17280
A3: 45666 | B3: Karadeniz | C3: Fatma Oğuz | D3: Klavye | E3: 19 | F3: 900 | G3: =E3*F3 -> 17100 | H3: =G3*(1+KDV_Orani) -> 20520
A4: 45673 | B4: İç Anadolu | C4: Deniz Kara | D4: Klavye | E4: 11 | F4: 900 | G4: =E4*F4 -> 9900 | H4: =G4*(1+KDV_Orani) -> 11880
A5: 45680 | B5: Karadeniz | C5: Fatma Oğuz | D5: Monitör | E5: 8 | F5: 7800 | G5: =E5*F5 -> 62400 | H5: =G5*(1+KDV_Orani) -> 74880
A6: 45692 | B6: Akdeniz | C6: Emre Çelik | D6: Laptop | E6: 1 | F6: 25000 | G6: =E6*F6 -> 25000 | H6: =G6*(1+KDV_Orani) -> 30000
A7: 45699 | B7: Marmara | C7: Ayşe Yılmaz | D7: Monitör | E7: 2 | F7: 7800 | G7: =E7*F7 -> 15600 | H7: =G7*(1+KDV_Orani) -> 18720
A8: 45706 | B8: Karadeniz | C8: Fatma Oğuz | D8: Klavye | E8: 27 | F8: 900 | G8: =E8*F8 -> 24300 | H8: =G8*(1+KDV_Orani) -> 29160
A9: 45741 | B9: Ege | C9: Ceren Ak | D9: Mouse | E9: 17 | F9: 350 | G9: =E9*F9 -> 5950 | H9: =G9*(1+KDV_Orani) -> 7140
A10: 45722 | B10: Karadeniz | C10: Fatma Oğuz | D10: Monitör | E10: 11 | F10: 7800 | G10: =E10*F10 -> 85800 | H10: =G10*(1+KDV_Orani) -> 102960
A11: 45729 | B11: İç Anadolu | C11: Deniz Kara | D11: Monitör | E11: 10 | F11: 7800 | G11: =E11*F11 -> 78000 | H11: =G11*(1+KDV_Orani) -> 93600
A12: 45767 | B12: Marmara | C12: Burak Şen | D12: Mouse | E12: 34 | F12: 350 | G12: =E12*F12 -> 11900 | H12: =G12*(1+KDV_Orani) -> 14280
A13: 45774 | B13: Karadeniz | C13: Fatma Oğuz | D13: Mouse | E13: 16 | F13: 350 | G13: =E13*F13 -> 5600 | H13: =G13*(1+KDV_Orani) -> 6720
... A41: 46006 | B41: İç Anadolu | C41: Deniz Kara | D41: Laptop | E41: 2 | F41: 25000 | G41: =E41*F41 -> 50000 | H41: =G41*(1+KDV_Orani) -> 60000

Sheet Özet
A1: 2025 Satış Özeti
A3: Bölge | B3: Ciro | C3: Sipariş | D3: Pay
A4: Marmara | B4: =SUMIF(Satışlar!$B$2:$B$41,A4,Satışlar!$G$2:$G$41) -> 110050 | C4: =COUNTIF(Satışlar!$B$2:$B$41,A4) -> 9 | D4: =B4/$B$9 -> 0.084572526
A5: Ege | B5: =SUMIF(Satışlar!$B$2:$B$41,A5,Satışlar!$G$2:$G$41) -> 180350 | C5: =COUNTIF(Satışlar!$B$2:$B$41,A5) -> 6 | D5: =B5/$B$9 -> 0.1385975
A6: İç Anadolu | B6: =SUMIF(Satışlar!$B$2:$B$41,A6,Satışlar!$G$2:$G$41) -> 330150 | C6: =COUNTIF(Satışlar!$B$2:$B$41,A6) -> 8 | D6: =B6/$B$9 -> 0.25371758
A7: Akdeniz | B7: =SUMIF(Satışlar!$B$2:$B$41,A7,Satışlar!$G$2:$G$41) -> 227400 | C7: =COUNTIF(Satışlar!$B$2:$B$41,A7) -> 6 | D7: =B7/$B$9 -> 0.17475504
A8: Karadeniz | B8: =SUMIF(Satışlar!$B$2:$B$41,A8,Satışlar!$G$2:$G$41) -> 453300 | C8: =COUNTIF(Satışlar!$B$2:$B$41,A8) -> 11 | D8: =B8/$B$9 -> 0.34835735
A9: Toplam | B9: =SUM(B4:B8) -> 1301250 | C9: =SUM(C4:C8) -> 40 | D9: =SUM(D4:D8) -> 1
A11: Hedef (dış dosya) | B11: =[1]Hedef!$B$2 -> 1500000
A12: Ayrıntılı rapor (Word)
A14: Not: Ciro KDV hariçtir; bölge payları toplam ciroya göre hesaplanmıştır ve yıl sonu kapanışından önceki verilere dayanır.

Sheet Parametreler
A1: Parametre | B1: Değer
A2: KDV Oranı | B2: 0.2
A3: Hedef Büyüme | B3: 0.15
